{"cameraMode":{"drawMode":0,"name":"Shaded","section":"Shading Mode"},"sceneLighting":true,"audioPlay":false,"sceneViewState":{"showFog":true,"showMaterialUpdate":true,"showSkybox":true,"showFlares":true,"showImageEffects":true,"showParticleSystems":true},"in2DMode":false,"pivot":{"x":28.84823989868164,"y":110.65737915039063,"z":-507.7538146972656},"rotation":{"x":-0.40080854296684267,"y":-0.020341387018561364,"z":0.008901692926883698,"w":-0.9158927202224731},"size":69.5589370727539,"orthographic":false}